<?xml version="1.0" encoding="UTF-8" standalone="no"?><configurationDescriptor version="65">
  <logicalFolder displayName="root" name="root" projectFiles="true">
    <logicalFolder displayName="Header Files" name="HeaderFiles" projectFiles="true">
      <logicalFolder displayName="app_pldm" name="app_pldm" projectFiles="true">
        <itemPath>../src/app_pldm/app_pldm.h</itemPath>
        <itemPath>../src/app_pldm/platform_serial_flash.h</itemPath>
        <itemPath>../src/app_pldm/rom_qmspi.h</itemPath>
        <itemPath>../src/app_pldm/serial_flash_sst25pf.h</itemPath>
      </logicalFolder>
      <logicalFolder displayName="config" name="config" projectFiles="true">
        <logicalFolder displayName="cec1736_s0_2zw_ev19k07a_freertos" name="cec1736_s0_2zw_ev19k07a_freertos" projectFiles="true">
          <logicalFolder displayName="mctp" name="mctp" projectFiles="true">
            <itemPath>../src/config/cec1736_s0_2zw_ev19k07a_freertos/mctp/mctp_task.h</itemPath>
            <itemPath>../src/config/cec1736_s0_2zw_ev19k07a_freertos/mctp/mctp.h</itemPath>
            <itemPath>../src/config/cec1736_s0_2zw_ev19k07a_freertos/mctp/mctp_control.h</itemPath>
            <itemPath>../src/config/cec1736_s0_2zw_ev19k07a_freertos/mctp/mctp_smbus.h</itemPath>
            <itemPath>../src/config/cec1736_s0_2zw_ev19k07a_freertos/mctp/mctp_common.h</itemPath>
            <itemPath>../src/config/cec1736_s0_2zw_ev19k07a_freertos/mctp/mctp_base.h</itemPath>
            <itemPath>../src/config/cec1736_s0_2zw_ev19k07a_freertos/mctp/mctp_config.h</itemPath>
          </logicalFolder>
          <logicalFolder displayName="peripheral" name="peripheral" projectFiles="true">
            <logicalFolder displayName="cct" name="cct" projectFiles="true">
              <itemPath>../src/config/cec1736_s0_2zw_ev19k07a_freertos/peripheral/cct/plib_cct.h</itemPath>
              <itemPath>../src/config/cec1736_s0_2zw_ev19k07a_freertos/peripheral/cct/plib_cct_common.h</itemPath>
            </logicalFolder>
            <logicalFolder displayName="dma" name="dma" projectFiles="true">
              <itemPath>../src/config/cec1736_s0_2zw_ev19k07a_freertos/peripheral/dma/plib_dma.h</itemPath>
            </logicalFolder>
            <logicalFolder displayName="ec_reg_bank" name="ec_reg_bank" projectFiles="true">
              <itemPath>../src/config/cec1736_s0_2zw_ev19k07a_freertos/peripheral/ec_reg_bank/plib_ec_reg_bank.h</itemPath>
            </logicalFolder>
            <logicalFolder displayName="ecia" name="ecia" projectFiles="true">
              <itemPath>../src/config/cec1736_s0_2zw_ev19k07a_freertos/peripheral/ecia/plib_ecia.h</itemPath>
            </logicalFolder>
            <logicalFolder displayName="gpio" name="gpio" projectFiles="true">
              <itemPath>../src/config/cec1736_s0_2zw_ev19k07a_freertos/peripheral/gpio/plib_gpio.h</itemPath>
            </logicalFolder>
            <logicalFolder displayName="i2c" name="i2c" projectFiles="true">
              <logicalFolder displayName="master" name="master" projectFiles="true">
                <itemPath>../src/config/cec1736_s0_2zw_ev19k07a_freertos/peripheral/i2c/master/plib_smb1_master.h</itemPath>
                <itemPath>../src/config/cec1736_s0_2zw_ev19k07a_freertos/peripheral/i2c/master/plib_smb4_master.h</itemPath>
                <itemPath>../src/config/cec1736_s0_2zw_ev19k07a_freertos/peripheral/i2c/master/plib_smb_master_common.h</itemPath>
                <itemPath>../src/config/cec1736_s0_2zw_ev19k07a_freertos/peripheral/i2c/master/plib_smb2_master.h</itemPath>
                <itemPath>../src/config/cec1736_s0_2zw_ev19k07a_freertos/peripheral/i2c/master/plib_smb3_master.h</itemPath>
                <itemPath>../src/config/cec1736_s0_2zw_ev19k07a_freertos/peripheral/i2c/master/plib_smb0_master.h</itemPath>
              </logicalFolder>
              <logicalFolder displayName="slave" name="slave" projectFiles="true">
                <itemPath>../src/config/cec1736_s0_2zw_ev19k07a_freertos/peripheral/i2c/slave/plib_smb3_slave.h</itemPath>
                <itemPath>../src/config/cec1736_s0_2zw_ev19k07a_freertos/peripheral/i2c/slave/plib_smb_slave_common.h</itemPath>
                <itemPath>../src/config/cec1736_s0_2zw_ev19k07a_freertos/peripheral/i2c/slave/plib_smb0_slave.h</itemPath>
                <itemPath>../src/config/cec1736_s0_2zw_ev19k07a_freertos/peripheral/i2c/slave/plib_smb4_slave.h</itemPath>
                <itemPath>../src/config/cec1736_s0_2zw_ev19k07a_freertos/peripheral/i2c/slave/plib_smb1_slave.h</itemPath>
                <itemPath>../src/config/cec1736_s0_2zw_ev19k07a_freertos/peripheral/i2c/slave/plib_smb2_slave.h</itemPath>
              </logicalFolder>
              <itemPath>../src/config/cec1736_s0_2zw_ev19k07a_freertos/peripheral/i2c/plib_i2c_smbus_lowlevel_intf.h</itemPath>
              <itemPath>../src/config/cec1736_s0_2zw_ev19k07a_freertos/peripheral/i2c/plib_smb3_master_slave_common.h</itemPath>
              <itemPath>../src/config/cec1736_s0_2zw_ev19k07a_freertos/peripheral/i2c/plib_smb4_master_slave_common.h</itemPath>
              <itemPath>../src/config/cec1736_s0_2zw_ev19k07a_freertos/peripheral/i2c/plib_smb2_master_slave_common.h</itemPath>
              <itemPath>../src/config/cec1736_s0_2zw_ev19k07a_freertos/peripheral/i2c/plib_smb0_master_slave_common.h</itemPath>
              <itemPath>../src/config/cec1736_s0_2zw_ev19k07a_freertos/peripheral/i2c/plib_smb1_master_slave_common.h</itemPath>
              <itemPath>../src/config/cec1736_s0_2zw_ev19k07a_freertos/peripheral/i2c/plib_i2c_smb_common.h</itemPath>
            </logicalFolder>
            <logicalFolder displayName="nvic" name="nvic" projectFiles="true">
              <itemPath>../src/config/cec1736_s0_2zw_ev19k07a_freertos/peripheral/nvic/plib_nvic.h</itemPath>
            </logicalFolder>
            <logicalFolder displayName="pcr" name="pcr" projectFiles="true">
              <itemPath>../src/config/cec1736_s0_2zw_ev19k07a_freertos/peripheral/pcr/plib_pcr.h</itemPath>
            </logicalFolder>
            <logicalFolder displayName="qmspi" name="qmspi" projectFiles="true">
              <itemPath>../src/config/cec1736_s0_2zw_ev19k07a_freertos/peripheral/qmspi/plib_qmspi0.h</itemPath>
              <itemPath>../src/config/cec1736_s0_2zw_ev19k07a_freertos/peripheral/qmspi/plib_qmspi_common.h</itemPath>
            </logicalFolder>
          </logicalFolder>
          <logicalFolder displayName="pldm" name="pldm" projectFiles="true">
            <itemPath>../src/config/cec1736_s0_2zw_ev19k07a_freertos/pldm/pldm_task.h</itemPath>
            <itemPath>../src/config/cec1736_s0_2zw_ev19k07a_freertos/pldm/pldm_common.h</itemPath>
            <itemPath>../src/config/cec1736_s0_2zw_ev19k07a_freertos/pldm/pldm_config.h</itemPath>
            <itemPath>../src/config/cec1736_s0_2zw_ev19k07a_freertos/pldm/pldm.h</itemPath>
            <itemPath>../src/config/cec1736_s0_2zw_ev19k07a_freertos/pldm/pldm_pkt_prcs.h</itemPath>
          </logicalFolder>
          <itemPath>../src/config/cec1736_s0_2zw_ev19k07a_freertos/definitions.h</itemPath>
          <itemPath>../src/config/cec1736_s0_2zw_ev19k07a_freertos/device.h</itemPath>
          <itemPath>../src/config/cec1736_s0_2zw_ev19k07a_freertos/user.h</itemPath>
          <itemPath>../src/config/cec1736_s0_2zw_ev19k07a_freertos/configuration.h</itemPath>
          <itemPath>../src/config/cec1736_s0_2zw_ev19k07a_freertos/toolchain_specifics.h</itemPath>
          <itemPath>../src/config/cec1736_s0_2zw_ev19k07a_freertos/device_vectors.h</itemPath>
          <itemPath>../src/config/cec1736_s0_2zw_ev19k07a_freertos/interrupts.h</itemPath>
          <itemPath>../src/config/cec1736_s0_2zw_ev19k07a_freertos/FreeRTOSConfig.h</itemPath>
          <itemPath>../src/config/cec1736_s0_2zw_ev19k07a_freertos/device_cache.h</itemPath>
        </logicalFolder>
      </logicalFolder>
      <logicalFolder displayName="FreeRTOS" name="FreeRTOS" projectFiles="true">
        <logicalFolder displayName="Source" name="Source" projectFiles="true">
          <logicalFolder displayName="include" name="include" projectFiles="true">
            <itemPath>../src/third_party/rtos/FreeRTOS/Source/include/semphr.h</itemPath>
            <itemPath>../src/third_party/rtos/FreeRTOS/Source/include/projdefs.h</itemPath>
            <itemPath>../src/third_party/rtos/FreeRTOS/Source/include/deprecated_definitions.h</itemPath>
            <itemPath>../src/third_party/rtos/FreeRTOS/Source/include/portable.h</itemPath>
            <itemPath>../src/third_party/rtos/FreeRTOS/Source/include/queue.h</itemPath>
            <itemPath>../src/third_party/rtos/FreeRTOS/Source/include/stream_buffer.h</itemPath>
            <itemPath>../src/third_party/rtos/FreeRTOS/Source/include/croutine.h</itemPath>
            <itemPath>../src/third_party/rtos/FreeRTOS/Source/include/mpu_prototypes.h</itemPath>
            <itemPath>../src/third_party/rtos/FreeRTOS/Source/include/list.h</itemPath>
            <itemPath>../src/third_party/rtos/FreeRTOS/Source/include/FreeRTOS.h</itemPath>
            <itemPath>../src/third_party/rtos/FreeRTOS/Source/include/event_groups.h</itemPath>
            <itemPath>../src/third_party/rtos/FreeRTOS/Source/include/task.h</itemPath>
            <itemPath>../src/third_party/rtos/FreeRTOS/Source/include/stack_macros.h</itemPath>
            <itemPath>../src/third_party/rtos/FreeRTOS/Source/include/message_buffer.h</itemPath>
            <itemPath>../src/third_party/rtos/FreeRTOS/Source/include/mpu_wrappers.h</itemPath>
            <itemPath>../src/third_party/rtos/FreeRTOS/Source/include/timers.h</itemPath>
          </logicalFolder>
          <logicalFolder displayName="portable" name="portable" projectFiles="true">
            <logicalFolder displayName="GCC" name="GCC" projectFiles="true">
              <logicalFolder displayName="SAM" name="SAM" projectFiles="true">
                <logicalFolder displayName="ARM_CM4F" name="ARM_CM4F" projectFiles="true">
                  <itemPath>../src/third_party/rtos/FreeRTOS/Source/portable/GCC/SAM/ARM_CM4F/portmacro.h</itemPath>
                </logicalFolder>
              </logicalFolder>
            </logicalFolder>
          </logicalFolder>
        </logicalFolder>
      </logicalFolder>
      <logicalFolder displayName="hal" name="hal" projectFiles="true">
        <logicalFolder displayName="dma" name="dma" projectFiles="true">
          <itemPath>../src/hal/dma/dma_api.h</itemPath>
        </logicalFolder>
        <logicalFolder displayName="gpio" name="gpio" projectFiles="true">
          <itemPath>../src/hal/gpio/gpio_api.h</itemPath>
        </logicalFolder>
        <logicalFolder displayName="interrupt" name="interrupt" projectFiles="true">
          <itemPath>../src/hal/interrupt/interrupt_api.h</itemPath>
        </logicalFolder>
      </logicalFolder>
      <logicalFolder displayName="packs" name="packs" projectFiles="true">
        <logicalFolder displayName="CEC1736_S0_2ZW_DFP" name="CEC1736_S0_2ZW_DFP" projectFiles="true">
          <logicalFolder displayName="component" name="component" projectFiles="true">
            <itemPath>../src/packs/CEC1736_S0_2ZW_DFP/component/vtr_reg_bank.h</itemPath>
            <itemPath>../src/packs/CEC1736_S0_2ZW_DFP/component/gpio.h</itemPath>
            <itemPath>../src/packs/CEC1736_S0_2ZW_DFP/component/smb.h</itemPath>
            <itemPath>../src/packs/CEC1736_S0_2ZW_DFP/component/rtos.h</itemPath>
            <itemPath>../src/packs/CEC1736_S0_2ZW_DFP/component/cct.h</itemPath>
            <itemPath>../src/packs/CEC1736_S0_2ZW_DFP/component/wdt.h</itemPath>
            <itemPath>../src/packs/CEC1736_S0_2ZW_DFP/component/spi_mon.h</itemPath>
            <itemPath>../src/packs/CEC1736_S0_2ZW_DFP/component/timer32.h</itemPath>
            <itemPath>../src/packs/CEC1736_S0_2ZW_DFP/component/pcr.h</itemPath>
            <itemPath>../src/packs/CEC1736_S0_2ZW_DFP/component/gcr.h</itemPath>
            <itemPath>../src/packs/CEC1736_S0_2ZW_DFP/component/htm.h</itemPath>
            <itemPath>../src/packs/CEC1736_S0_2ZW_DFP/component/spt.h</itemPath>
            <itemPath>../src/packs/CEC1736_S0_2ZW_DFP/component/led.h</itemPath>
            <itemPath>../src/packs/CEC1736_S0_2ZW_DFP/component/tfdp.h</itemPath>
            <itemPath>../src/packs/CEC1736_S0_2ZW_DFP/component/dma_chan02.h</itemPath>
            <itemPath>../src/packs/CEC1736_S0_2ZW_DFP/component/env_mon.h</itemPath>
            <itemPath>../src/packs/CEC1736_S0_2ZW_DFP/component/otp.h</itemPath>
            <itemPath>../src/packs/CEC1736_S0_2ZW_DFP/component/qmspi.h</itemPath>
            <itemPath>../src/packs/CEC1736_S0_2ZW_DFP/component/pwm.h</itemPath>
            <itemPath>../src/packs/CEC1736_S0_2ZW_DFP/component/ec_reg_bank.h</itemPath>
            <itemPath>../src/packs/CEC1736_S0_2ZW_DFP/component/dma_chan00.h</itemPath>
            <itemPath>../src/packs/CEC1736_S0_2ZW_DFP/component/ecia.h</itemPath>
            <itemPath>../src/packs/CEC1736_S0_2ZW_DFP/component/dma_main.h</itemPath>
            <itemPath>../src/packs/CEC1736_S0_2ZW_DFP/component/dma_chan01.h</itemPath>
            <itemPath>../src/packs/CEC1736_S0_2ZW_DFP/component/uart.h</itemPath>
            <itemPath>../src/packs/CEC1736_S0_2ZW_DFP/component/imspi.h</itemPath>
          </logicalFolder>
          <logicalFolder displayName="instance" name="instance" projectFiles="true">
            <itemPath>../src/packs/CEC1736_S0_2ZW_DFP/instance/smb1.h</itemPath>
            <itemPath>../src/packs/CEC1736_S0_2ZW_DFP/instance/spt1.h</itemPath>
            <itemPath>../src/packs/CEC1736_S0_2ZW_DFP/instance/ec_reg_bank.h</itemPath>
            <itemPath>../src/packs/CEC1736_S0_2ZW_DFP/instance/dma_main.h</itemPath>
            <itemPath>../src/packs/CEC1736_S0_2ZW_DFP/instance/tfdp.h</itemPath>
            <itemPath>../src/packs/CEC1736_S0_2ZW_DFP/instance/spi_mon0.h</itemPath>
            <itemPath>../src/packs/CEC1736_S0_2ZW_DFP/instance/qmspi0.h</itemPath>
            <itemPath>../src/packs/CEC1736_S0_2ZW_DFP/instance/dma_chan03.h</itemPath>
            <itemPath>../src/packs/CEC1736_S0_2ZW_DFP/instance/dma_chan07.h</itemPath>
            <itemPath>../src/packs/CEC1736_S0_2ZW_DFP/instance/htm1.h</itemPath>
            <itemPath>../src/packs/CEC1736_S0_2ZW_DFP/instance/pwm0.h</itemPath>
            <itemPath>../src/packs/CEC1736_S0_2ZW_DFP/instance/timer32_1.h</itemPath>
            <itemPath>../src/packs/CEC1736_S0_2ZW_DFP/instance/cct.h</itemPath>
            <itemPath>../src/packs/CEC1736_S0_2ZW_DFP/instance/led1.h</itemPath>
            <itemPath>../src/packs/CEC1736_S0_2ZW_DFP/instance/smb0.h</itemPath>
            <itemPath>../src/packs/CEC1736_S0_2ZW_DFP/instance/smb4.h</itemPath>
            <itemPath>../src/packs/CEC1736_S0_2ZW_DFP/instance/gpio.h</itemPath>
            <itemPath>../src/packs/CEC1736_S0_2ZW_DFP/instance/dma_chan04.h</itemPath>
            <itemPath>../src/packs/CEC1736_S0_2ZW_DFP/instance/dma_chan00.h</itemPath>
            <itemPath>../src/packs/CEC1736_S0_2ZW_DFP/instance/timer32_0.h</itemPath>
            <itemPath>../src/packs/CEC1736_S0_2ZW_DFP/instance/dma_chan08.h</itemPath>
            <itemPath>../src/packs/CEC1736_S0_2ZW_DFP/instance/rtos.h</itemPath>
            <itemPath>../src/packs/CEC1736_S0_2ZW_DFP/instance/led0.h</itemPath>
            <itemPath>../src/packs/CEC1736_S0_2ZW_DFP/instance/vtr_reg_bank.h</itemPath>
            <itemPath>../src/packs/CEC1736_S0_2ZW_DFP/instance/otp.h</itemPath>
            <itemPath>../src/packs/CEC1736_S0_2ZW_DFP/instance/ecia.h</itemPath>
            <itemPath>../src/packs/CEC1736_S0_2ZW_DFP/instance/smb3.h</itemPath>
            <itemPath>../src/packs/CEC1736_S0_2ZW_DFP/instance/uart0.h</itemPath>
            <itemPath>../src/packs/CEC1736_S0_2ZW_DFP/instance/env_mon.h</itemPath>
            <itemPath>../src/packs/CEC1736_S0_2ZW_DFP/instance/dma_chan01.h</itemPath>
            <itemPath>../src/packs/CEC1736_S0_2ZW_DFP/instance/dma_chan09.h</itemPath>
            <itemPath>../src/packs/CEC1736_S0_2ZW_DFP/instance/dma_chan05.h</itemPath>
            <itemPath>../src/packs/CEC1736_S0_2ZW_DFP/instance/spt0.h</itemPath>
            <itemPath>../src/packs/CEC1736_S0_2ZW_DFP/instance/smb2.h</itemPath>
            <itemPath>../src/packs/CEC1736_S0_2ZW_DFP/instance/wdt.h</itemPath>
            <itemPath>../src/packs/CEC1736_S0_2ZW_DFP/instance/imspi.h</itemPath>
            <itemPath>../src/packs/CEC1736_S0_2ZW_DFP/instance/spi_mon1.h</itemPath>
            <itemPath>../src/packs/CEC1736_S0_2ZW_DFP/instance/qmspi1.h</itemPath>
            <itemPath>../src/packs/CEC1736_S0_2ZW_DFP/instance/dma_chan02.h</itemPath>
            <itemPath>../src/packs/CEC1736_S0_2ZW_DFP/instance/htm0.h</itemPath>
            <itemPath>../src/packs/CEC1736_S0_2ZW_DFP/instance/dma_chan06.h</itemPath>
            <itemPath>../src/packs/CEC1736_S0_2ZW_DFP/instance/gcr.h</itemPath>
            <itemPath>../src/packs/CEC1736_S0_2ZW_DFP/instance/pcr.h</itemPath>
          </logicalFolder>
          <logicalFolder displayName="pio" name="pio" projectFiles="true">
            <itemPath>../src/packs/CEC1736_S0_2ZW_DFP/pio/cec1736_s0_2zw.h</itemPath>
          </logicalFolder>
          <itemPath>../src/packs/CEC1736_S0_2ZW_DFP/cec1736_s0_2zw.h</itemPath>
        </logicalFolder>
        <logicalFolder displayName="CMSIS" name="CMSIS" projectFiles="true">
          <logicalFolder displayName="CMSIS" name="CMSIS" projectFiles="true">
            <logicalFolder displayName="Core" name="Core" projectFiles="true">
              <logicalFolder displayName="Include" name="Include" projectFiles="true">
                <itemPath>../src/packs/CMSIS/CMSIS/Core/Include/cmsis_armcc.h</itemPath>
                <itemPath>../src/packs/CMSIS/CMSIS/Core/Include/cmsis_iccarm.h</itemPath>
                <itemPath>../src/packs/CMSIS/CMSIS/Core/Include/mpu_armv7.h</itemPath>
                <itemPath>../src/packs/CMSIS/CMSIS/Core/Include/cmsis_version.h</itemPath>
                <itemPath>../src/packs/CMSIS/CMSIS/Core/Include/core_cm4.h</itemPath>
                <itemPath>../src/packs/CMSIS/CMSIS/Core/Include/cmsis_armclang.h</itemPath>
                <itemPath>../src/packs/CMSIS/CMSIS/Core/Include/cmsis_compiler.h</itemPath>
                <itemPath>../src/packs/CMSIS/CMSIS/Core/Include/cachel1_armv7.h</itemPath>
                <itemPath>../src/packs/CMSIS/CMSIS/Core/Include/cmsis_gcc.h</itemPath>
                <itemPath>../src/packs/CMSIS/CMSIS/Core/Include/cmsis_armclang_ltm.h</itemPath>
              </logicalFolder>
            </logicalFolder>
          </logicalFolder>
        </logicalFolder>
      </logicalFolder>
      <logicalFolder displayName="smbus" name="smbus" projectFiles="true">
        <itemPath>../src/smbus/smb.h</itemPath>
        <itemPath>../src/smbus/smb_base.hpp</itemPath>
        <itemPath>../src/smbus/smb_config.h</itemPath>
        <itemPath>../src/smbus/smb_core.h</itemPath>
        <itemPath>../src/smbus/smb_hw.hpp</itemPath>
        <itemPath>../src/smbus/smb_master.hpp</itemPath>
        <itemPath>../src/smbus/smb_port.hpp</itemPath>
        <itemPath>../src/smbus/smb_slave.hpp</itemPath>
        <itemPath>../src/smbus/smb_slave_buffer.hpp</itemPath>
        <itemPath>../src/smbus/smb_slave_dispatch.hpp</itemPath>
      </logicalFolder>
      <itemPath>../src/app_smb_drv.h</itemPath>
      <itemPath>../src/common.h</itemPath>
      <itemPath>../src/defs.h</itemPath>
      <itemPath>../src/sb_gpio.h</itemPath>
    </logicalFolder>
    <logicalFolder displayName="Linker Files" name="LinkerScript" projectFiles="true">
      <logicalFolder displayName="config" name="config" projectFiles="true">
        <logicalFolder displayName="cec1736_s0_2zw_ev19k07a_freertos" name="cec1736_s0_2zw_ev19k07a_freertos" projectFiles="true">
          <itemPath>../src/config/cec1736_s0_2zw_ev19k07a_freertos/CEC1736_S0_2ZW.ld</itemPath>
        </logicalFolder>
      </logicalFolder>
    </logicalFolder>
    <logicalFolder displayName="Source Files" name="SourceFiles" projectFiles="true">
      <logicalFolder displayName="app_pldm" name="app_pldm" projectFiles="true">
        <itemPath>../src/app_pldm/app_pldm.c</itemPath>
        <itemPath>../src/app_pldm/platform_serial_flash.c</itemPath>
        <itemPath>../src/app_pldm/serial_flash_sst25pf040c.c</itemPath>
      </logicalFolder>
      <logicalFolder displayName="config" name="config" projectFiles="true">
        <logicalFolder displayName="cec1736_s0_2zw_ev19k07a_freertos" name="cec1736_s0_2zw_ev19k07a_freertos" projectFiles="true">
          <logicalFolder displayName="mctp" name="mctp" projectFiles="true">
            <itemPath>../src/config/cec1736_s0_2zw_ev19k07a_freertos/mctp/mctp_task.c</itemPath>
            <itemPath>../src/config/cec1736_s0_2zw_ev19k07a_freertos/mctp/mctp_control.c</itemPath>
            <itemPath>../src/config/cec1736_s0_2zw_ev19k07a_freertos/mctp/mctp_smbus.c</itemPath>
            <itemPath>../src/config/cec1736_s0_2zw_ev19k07a_freertos/mctp/mctp_base.c</itemPath>
          </logicalFolder>
          <logicalFolder displayName="peripheral" name="peripheral" projectFiles="true">
            <logicalFolder displayName="cct" name="cct" projectFiles="true">
              <itemPath>../src/config/cec1736_s0_2zw_ev19k07a_freertos/peripheral/cct/plib_cct.c</itemPath>
            </logicalFolder>
            <logicalFolder displayName="dma" name="dma" projectFiles="true">
              <itemPath>../src/config/cec1736_s0_2zw_ev19k07a_freertos/peripheral/dma/plib_dma.c</itemPath>
            </logicalFolder>
            <logicalFolder displayName="ec_reg_bank" name="ec_reg_bank" projectFiles="true">
              <itemPath>../src/config/cec1736_s0_2zw_ev19k07a_freertos/peripheral/ec_reg_bank/plib_ec_reg_bank.c</itemPath>
            </logicalFolder>
            <logicalFolder displayName="ecia" name="ecia" projectFiles="true">
              <itemPath>../src/config/cec1736_s0_2zw_ev19k07a_freertos/peripheral/ecia/plib_ecia.c</itemPath>
            </logicalFolder>
            <logicalFolder displayName="gpio" name="gpio" projectFiles="true">
              <itemPath>../src/config/cec1736_s0_2zw_ev19k07a_freertos/peripheral/gpio/plib_gpio.c</itemPath>
            </logicalFolder>
            <logicalFolder displayName="i2c" name="i2c" projectFiles="true">
              <logicalFolder displayName="master" name="master" projectFiles="true">
                <itemPath>../src/config/cec1736_s0_2zw_ev19k07a_freertos/peripheral/i2c/master/plib_smb1_master.c</itemPath>
                <itemPath>../src/config/cec1736_s0_2zw_ev19k07a_freertos/peripheral/i2c/master/plib_smb4_master.c</itemPath>
                <itemPath>../src/config/cec1736_s0_2zw_ev19k07a_freertos/peripheral/i2c/master/plib_smb3_master.c</itemPath>
                <itemPath>../src/config/cec1736_s0_2zw_ev19k07a_freertos/peripheral/i2c/master/plib_smb2_master.c</itemPath>
                <itemPath>../src/config/cec1736_s0_2zw_ev19k07a_freertos/peripheral/i2c/master/plib_smb0_master.c</itemPath>
              </logicalFolder>
              <logicalFolder displayName="slave" name="slave" projectFiles="true">
                <itemPath>../src/config/cec1736_s0_2zw_ev19k07a_freertos/peripheral/i2c/slave/plib_smb3_slave.c</itemPath>
                <itemPath>../src/config/cec1736_s0_2zw_ev19k07a_freertos/peripheral/i2c/slave/plib_smb0_slave.c</itemPath>
                <itemPath>../src/config/cec1736_s0_2zw_ev19k07a_freertos/peripheral/i2c/slave/plib_smb4_slave.c</itemPath>
                <itemPath>../src/config/cec1736_s0_2zw_ev19k07a_freertos/peripheral/i2c/slave/plib_smb1_slave.c</itemPath>
                <itemPath>../src/config/cec1736_s0_2zw_ev19k07a_freertos/peripheral/i2c/slave/plib_smb2_slave.c</itemPath>
              </logicalFolder>
              <itemPath>../src/config/cec1736_s0_2zw_ev19k07a_freertos/peripheral/i2c/plib_i2c_smbus_lowlevel_intf.c</itemPath>
              <itemPath>../src/config/cec1736_s0_2zw_ev19k07a_freertos/peripheral/i2c/plib_smb3_master_slave_common.c</itemPath>
              <itemPath>../src/config/cec1736_s0_2zw_ev19k07a_freertos/peripheral/i2c/plib_smb4_master_slave_common.c</itemPath>
              <itemPath>../src/config/cec1736_s0_2zw_ev19k07a_freertos/peripheral/i2c/plib_smb2_master_slave_common.c</itemPath>
              <itemPath>../src/config/cec1736_s0_2zw_ev19k07a_freertos/peripheral/i2c/plib_smb0_master_slave_common.c</itemPath>
              <itemPath>../src/config/cec1736_s0_2zw_ev19k07a_freertos/peripheral/i2c/plib_smb1_master_slave_common.c</itemPath>
              <itemPath>../src/config/cec1736_s0_2zw_ev19k07a_freertos/peripheral/i2c/plib_i2c_smb_common.c</itemPath>
            </logicalFolder>
            <logicalFolder displayName="nvic" name="nvic" projectFiles="true">
              <itemPath>../src/config/cec1736_s0_2zw_ev19k07a_freertos/peripheral/nvic/plib_nvic.c</itemPath>
            </logicalFolder>
            <logicalFolder displayName="pcr" name="pcr" projectFiles="true">
              <itemPath>../src/config/cec1736_s0_2zw_ev19k07a_freertos/peripheral/pcr/plib_pcr.c</itemPath>
            </logicalFolder>
            <logicalFolder displayName="qmspi" name="qmspi" projectFiles="true">
              <itemPath>../src/config/cec1736_s0_2zw_ev19k07a_freertos/peripheral/qmspi/plib_qmspi0.c</itemPath>
            </logicalFolder>
          </logicalFolder>
          <logicalFolder displayName="pldm" name="pldm" projectFiles="true">
            <itemPath>../src/config/cec1736_s0_2zw_ev19k07a_freertos/pldm/pldm_task.c</itemPath>
            <itemPath>../src/config/cec1736_s0_2zw_ev19k07a_freertos/pldm/pldm_common.c</itemPath>
            <itemPath>../src/config/cec1736_s0_2zw_ev19k07a_freertos/pldm/pldm_pkt_prcs.c</itemPath>
          </logicalFolder>
          <logicalFolder displayName="stdio" name="stdio" projectFiles="true">
            <itemPath>../src/config/cec1736_s0_2zw_ev19k07a_freertos/stdio/xc32_monitor.c</itemPath>
          </logicalFolder>
          <itemPath>../src/config/cec1736_s0_2zw_ev19k07a_freertos/initialization.c</itemPath>
          <itemPath>../src/config/cec1736_s0_2zw_ev19k07a_freertos/startup_xc32.c</itemPath>
          <itemPath>../src/config/cec1736_s0_2zw_ev19k07a_freertos/freertos_hooks.c</itemPath>
          <itemPath>../src/config/cec1736_s0_2zw_ev19k07a_freertos/exceptions.c</itemPath>
          <itemPath>../src/config/cec1736_s0_2zw_ev19k07a_freertos/interrupts.c</itemPath>
          <itemPath>../src/config/cec1736_s0_2zw_ev19k07a_freertos/libc_syscalls.c</itemPath>
          <itemPath>../src/config/cec1736_s0_2zw_ev19k07a_freertos/tasks.c</itemPath>
        </logicalFolder>
      </logicalFolder>
      <logicalFolder displayName="FreeRTOS" name="FreeRTOS" projectFiles="true">
        <logicalFolder displayName="Source" name="Source" projectFiles="true">
          <logicalFolder displayName="portable" name="portable" projectFiles="true">
            <logicalFolder displayName="GCC" name="GCC" projectFiles="true">
              <logicalFolder displayName="SAM" name="SAM" projectFiles="true">
                <logicalFolder displayName="ARM_CM4F" name="ARM_CM4F" projectFiles="true">
                  <itemPath>../src/third_party/rtos/FreeRTOS/Source/portable/GCC/SAM/ARM_CM4F/port.c</itemPath>
                </logicalFolder>
              </logicalFolder>
            </logicalFolder>
            <logicalFolder displayName="MemMang" name="MemMang" projectFiles="true">
              <itemPath>../src/third_party/rtos/FreeRTOS/Source/portable/MemMang/heap_1.c</itemPath>
            </logicalFolder>
          </logicalFolder>
          <itemPath>../src/third_party/rtos/FreeRTOS/Source/event_groups.c</itemPath>
          <itemPath>../src/third_party/rtos/FreeRTOS/Source/stream_buffer.c</itemPath>
          <itemPath>../src/third_party/rtos/FreeRTOS/Source/FreeRTOS_tasks.c</itemPath>
          <itemPath>../src/third_party/rtos/FreeRTOS/Source/timers.c</itemPath>
          <itemPath>../src/third_party/rtos/FreeRTOS/Source/croutine.c</itemPath>
          <itemPath>../src/third_party/rtos/FreeRTOS/Source/list.c</itemPath>
          <itemPath>../src/third_party/rtos/FreeRTOS/Source/queue.c</itemPath>
        </logicalFolder>
      </logicalFolder>
      <logicalFolder displayName="hal" name="hal" projectFiles="true">
        <logicalFolder displayName="dma" name="dma" projectFiles="true">
          <itemPath>../src/hal/dma/dma_api.c</itemPath>
        </logicalFolder>
        <logicalFolder displayName="gpio" name="gpio" projectFiles="true">
          <itemPath>../src/hal/gpio/gpio_api.c</itemPath>
        </logicalFolder>
        <logicalFolder displayName="interrupt" name="interrupt" projectFiles="true">
          <itemPath>../src/hal/interrupt/interrupt_api.c</itemPath>
        </logicalFolder>
      </logicalFolder>
      <logicalFolder displayName="smbus" name="smbus" projectFiles="true">
        <itemPath>../src/smbus/smbus_wrapper.c</itemPath>
        <itemPath>../src/smbus/smb_buffers.c</itemPath>
        <itemPath>../src/smbus/smb_base.cpp</itemPath>
        <itemPath>../src/smbus/smb_core.cpp</itemPath>
        <itemPath>../src/smbus/smb_hw.cpp</itemPath>
        <itemPath>../src/smbus/smb_main.cpp</itemPath>
        <itemPath>../src/smbus/smb_master.cpp</itemPath>
        <itemPath>../src/smbus/smb_port.cpp</itemPath>
        <itemPath>../src/smbus/smb_slave.cpp</itemPath>
        <itemPath>../src/smbus/smb_slave_buffer.cpp</itemPath>
        <itemPath>../src/smbus/smb_slave_dispatch.cpp</itemPath>
      </logicalFolder>
      <itemPath>../src/app_smb_drv.c</itemPath>
      <itemPath>../src/main.c</itemPath>
      <itemPath>../src/sb_gpio.c</itemPath>
    </logicalFolder>
    <logicalFolder displayName="Important Files" name="ExternalFiles" projectFiles="false">
      <itemPath>Makefile</itemPath>
      <itemPath>pldm_demo.mc3</itemPath>
    </logicalFolder>
  </logicalFolder>
  <sourceRootList>
    <Elem>../src</Elem>
  </sourceRootList>
  <projectmakefile>Makefile</projectmakefile>
  <confs>
    <conf name="cec1736_s0_2zw_ev19k07a_freertos" type="2">
      <toolsSet>
        <developmentServer>localhost</developmentServer>
        <targetDevice>CEC1736_S0_2ZW</targetDevice>
        <targetHeader/>
        <targetPluginBoard/>
        <platformTool>noID</platformTool>
        <languageToolchain>XC32</languageToolchain>
        <languageToolchainVersion>4.21</languageToolchainVersion>
        <platform>3</platform>
      </toolsSet>
      <packs>
        <pack name="CEC_DFP" vendor="Microchip" version="1.8.258"/>
        <pack name="CMSIS" vendor="ARM" version="5.4.0"/>
      </packs>
      <ScriptingSettings>
      </ScriptingSettings>
      <compileType>
        <linkerTool>
          <linkerLibItems>
          </linkerLibItems>
        </linkerTool>
        <archiverTool>
        </archiverTool>
        <loading>
          <useAlternateLoadableFile>false</useAlternateLoadableFile>
          <parseOnProdLoad>false</parseOnProdLoad>
          <alternateLoadableFile/>
        </loading>
        <subordinates>
        </subordinates>
      </compileType>
      <makeCustomizationType>
        <makeCustomizationPreStepEnabled>false</makeCustomizationPreStepEnabled>
        <makeUseCleanTarget>false</makeUseCleanTarget>
        <makeCustomizationPreStep/>
        <makeCustomizationPostStepEnabled>false</makeCustomizationPostStepEnabled>
        <makeCustomizationPostStep/>
        <makeCustomizationPutChecksumInUserID>false</makeCustomizationPutChecksumInUserID>
        <makeCustomizationEnableLongLines>false</makeCustomizationEnableLongLines>
        <makeCustomizationNormalizeHexFile>false</makeCustomizationNormalizeHexFile>
      </makeCustomizationType>
      <C32>
        <property key="additional-warnings" value="false"/>
        <property key="addresss-attribute-use" value="false"/>
        <property key="appendMe" value=""/>
        <property key="enable-app-io" value="false"/>
        <property key="enable-omit-frame-pointer" value="false"/>
        <property key="enable-symbols" value="true"/>
        <property key="enable-unroll-loops" value="false"/>
        <property key="exclude-floating-point" value="false"/>
        <property key="extra-include-directories" value="../src;../src/config/cec1736_s0_2zw_ev19k07a_freertos;../src/config/cec1736_s0_2zw_ev19k07a_freertos/mctp/;../src/config/default;../src/config/default/mctp/;../src/packs/CEC1736_S0_2ZW_DFP;../src/packs/CMSIS/;../src/packs/CMSIS/CMSIS/Core/Include;../src/third_party/rtos/FreeRTOS/Source/include;../src/third_party/rtos/FreeRTOS/Source/portable/GCC/SAM/ARM_CM4F;..\src\hal;..\src\smbus"/>
        <property key="generate-16-bit-code" value="false"/>
        <property key="generate-micro-compressed-code" value="false"/>
        <property key="isolate-each-function" value="true"/>
        <property key="make-warnings-into-errors" value="false"/>
        <property key="optimization-level" value="-O1"/>
        <property key="place-data-into-section" value="true"/>
        <property key="post-instruction-scheduling" value="default"/>
        <property key="pre-instruction-scheduling" value="default"/>
        <property key="preprocessor-macros" value=""/>
        <property key="strict-ansi" value="false"/>
        <property key="support-ansi" value="false"/>
        <property key="tentative-definitions" value="-fno-common"/>
        <property key="toplevel-reordering" value=""/>
        <property key="unaligned-access" value=""/>
        <property key="use-cci" value="false"/>
        <property key="use-iar" value="false"/>
        <property key="use-indirect-calls" value="false"/>
      </C32>
      <C32-AR>
        <property key="additional-options-chop-files" value="false"/>
      </C32-AR>
      <C32-AS>
        <property key="assembler-symbols" value=""/>
        <property key="enable-symbols" value="true"/>
        <property key="exclude-floating-point-library" value="false"/>
        <property key="expand-macros" value="false"/>
        <property key="extra-include-directories-for-assembler" value=""/>
        <property key="extra-include-directories-for-preprocessor" value=""/>
        <property key="false-conditionals" value="false"/>
        <property key="generate-16-bit-code" value="false"/>
        <property key="generate-micro-compressed-code" value="false"/>
        <property key="keep-locals" value="false"/>
        <property key="list-assembly" value="false"/>
        <property key="list-source" value="false"/>
        <property key="list-symbols" value="false"/>
        <property key="oXC32asm-list-to-file" value="false"/>
        <property key="omit-debug-dirs" value="false"/>
        <property key="omit-forms" value="false"/>
        <property key="preprocessor-macros" value=""/>
        <property key="warning-level" value=""/>
      </C32-AS>
      <C32-CO>
        <property key="coverage-enable" value=""/>
        <property key="stack-guidance" value="false"/>
      </C32-CO>
      <C32-LD>
        <property key="additional-options-use-response-files" value="false"/>
        <property key="additional-options-write-sla" value="false"/>
        <property key="allocate-dinit" value="false"/>
        <property key="appendMe" value=""/>
        <property key="code-dinit" value="false"/>
        <property key="ebase-addr" value=""/>
        <property key="enable-check-sections" value="false"/>
        <property key="exclude-floating-point-library" value="false"/>
        <property key="exclude-standard-libraries" value="false"/>
        <property key="extra-lib-directories" value=""/>
        <property key="fill-flash-options-addr" value=""/>
        <property key="fill-flash-options-const" value=""/>
        <property key="fill-flash-options-how" value="0"/>
        <property key="fill-flash-options-inc-const" value="1"/>
        <property key="fill-flash-options-increment" value=""/>
        <property key="fill-flash-options-seq" value=""/>
        <property key="fill-flash-options-what" value="0"/>
        <property key="generate-16-bit-code" value="false"/>
        <property key="generate-cross-reference-file" value="false"/>
        <property key="generate-micro-compressed-code" value="false"/>
        <property key="heap-size" value="512"/>
        <property key="input-libraries" value=""/>
        <property key="kseg-length" value=""/>
        <property key="kseg-origin" value=""/>
        <property key="linker-symbols" value=""/>
        <property key="map-file" value="${DISTDIR}/${PROJECTNAME}.${IMAGE_TYPE}.map"/>
        <property key="no-device-startup-code" value="true"/>
        <property key="no-startup-files" value="false"/>
        <property key="oXC32ld-extra-opts" value=""/>
        <property key="optimization-level" value=""/>
        <property key="preprocessor-macros" value=""/>
        <property key="remove-unused-sections" value="true"/>
        <property key="report-memory-usage" value="false"/>
        <property key="serial-length" value=""/>
        <property key="serial-origin" value=""/>
        <property key="stack-size" value=""/>
        <property key="symbol-stripping" value=""/>
        <property key="trace-symbols" value=""/>
        <property key="warn-section-align" value="false"/>
      </C32-LD>
      <C32CPP>
        <property key="additional-warnings" value="false"/>
        <property key="addresss-attribute-use" value="false"/>
        <property key="appendMe" value=""/>
        <property key="check-new" value="false"/>
        <property key="eh-specs" value="true"/>
        <property key="enable-app-io" value="false"/>
        <property key="enable-omit-frame-pointer" value="false"/>
        <property key="enable-symbols" value="true"/>
        <property key="enable-unroll-loops" value="false"/>
        <property key="exceptions" value="true"/>
        <property key="exclude-floating-point" value="false"/>
        <property key="extra-include-directories" value="../src;../src/config/cec1736_s0_2zw_ev19k07a_freertos;../src/config/cec1736_s0_2zw_ev19k07a_freertos/mctp/;../src/config/default;../src/config/default/mctp/;../src/packs/CEC1736_S0_2ZW_DFP;../src/packs/CMSIS/;../src/packs/CMSIS/CMSIS/Core/Include;../src/third_party/rtos/FreeRTOS/Source/include;../src/third_party/rtos/FreeRTOS/Source/portable/GCC/SAM/ARM_CM4F;..\src\hal;..\src\smbus"/>
        <property key="generate-16-bit-code" value="false"/>
        <property key="generate-micro-compressed-code" value="false"/>
        <property key="isolate-each-function" value="true"/>
        <property key="make-warnings-into-errors" value="false"/>
        <property key="optimization-level" value="-O1"/>
        <property key="place-data-into-section" value="false"/>
        <property key="post-instruction-scheduling" value="default"/>
        <property key="pre-instruction-scheduling" value="default"/>
        <property key="preprocessor-macros" value=""/>
        <property key="rtti" value="true"/>
        <property key="strict-ansi" value="false"/>
        <property key="toplevel-reordering" value=""/>
        <property key="unaligned-access" value=""/>
        <property key="use-cci" value="false"/>
        <property key="use-iar" value="false"/>
        <property key="use-indirect-calls" value="false"/>
      </C32CPP>
      <C32Global>
        <property key="common-include-directories" value=""/>
        <property key="gp-relative-option" value=""/>
        <property key="legacy-libc" value="false"/>
        <property key="mdtcm" value=""/>
        <property key="mitcm" value=""/>
        <property key="mstacktcm" value="false"/>
        <property key="omit-pack-options" value="1"/>
        <property key="relaxed-math" value="false"/>
        <property key="save-temps" value="false"/>
        <property key="stack-smashing" value=""/>
        <property key="wpo-lto" value="false"/>
      </C32Global>
    </conf>
  </confs>
</configurationDescriptor>